ID,danceability,energy,key,loudness,mode,speechiness,acousticness,instrumentalness,liveness,valence,tempo,type,id,url,track_href,analysis_url,duration_ms,time_signature,artist_name,track_name,track_id,track_popularity,artist_id
0,0.689,0.592,5,-6.758,1,0.0235,0.101,0.00867,0.11,0.919,98.997,audio_features,4mXGooManGPH6xAWRAtRJU,,https://api.spotify.com/v1/tracks/4mXGooManGPH6xAWRAtRJU,https://api.spotify.com/v1/audio-analysis/4mXGooManGPH6xAWRAtRJU,175027,4,Eric Church,Hell Of A View,4mXGooManGPH6xAWRAtRJU,71,2IvkS5MXK0vPGnwyJsrEyV
1,0.662,0.781,6,-3.294,1,0.0245,0.0957,8.00E-05,0.123,0.641,126.028,audio_features,6d3rOaVzZshI2YRBl7WjQb,,https://api.spotify.com/v1/tracks/6d3rOaVzZshI2YRBl7WjQb,https://api.spotify.com/v1/audio-analysis/6d3rOaVzZshI2YRBl7WjQb,215048,4,Bryan Martin,Memory to Drown,6d3rOaVzZshI2YRBl7WjQb,73,0ChjBYedhZTQnWZWQYg15U
2,0.532,0.584,8,-5.254,1,0.0248,0.723,0,0.101,0.367,88.003,audio_features,0sKEilrw1GrBlG6qsTCrP4,,https://api.spotify.com/v1/tracks/0sKEilrw1GrBlG6qsTCrP4,https://api.spotify.com/v1/audio-analysis/0sKEilrw1GrBlG6qsTCrP4,190680,4,Morgan Wallen,865,0sKEilrw1GrBlG6qsTCrP4,72,4oUHIQIBe0LHzYfvXNW4QM
3,0.62,0.706,3,-4.176,1,0.0251,0.0755,7.78E-06,0.185,0.591,81.989,audio_features,72kGuWpRiuA149Bn5lDkIO,,https://api.spotify.com/v1/tracks/72kGuWpRiuA149Bn5lDkIO,https://api.spotify.com/v1/audio-analysis/72kGuWpRiuA149Bn5lDkIO,188483,4,Bryan Martin,We Ride,72kGuWpRiuA149Bn5lDkIO,82,0ChjBYedhZTQnWZWQYg15U
4,0.633,0.643,0,-8.122,1,0.0252,0.106,0.00831,0.78,0.472,103.842,audio_features,43MifzVnh8W3jJN0xqU9jR,,https://api.spotify.com/v1/tracks/43MifzVnh8W3jJN0xqU9jR,https://api.spotify.com/v1/audio-analysis/43MifzVnh8W3jJN0xqU9jR,130385,4,juju<3,Wasted Summers,43MifzVnh8W3jJN0xqU9jR,82,496w0Fyed8J7IRzn5Ffb6x
5,0.776,0.701,9,-5.223,1,0.0254,0.513,0,0.0902,0.603,112.032,audio_features,3wlIAXSDtlD9iU8ysld06Z,,https://api.spotify.com/v1/tracks/3wlIAXSDtlD9iU8ysld06Z,https://api.spotify.com/v1/audio-analysis/3wlIAXSDtlD9iU8ysld06Z,265045,3,Peso Pluma,BIPOLAR,3wlIAXSDtlD9iU8ysld06Z,87,12GqGscKJx3aE4t07u7eVZ
6,0.49,0.352,6,-11.577,0,0.0254,0.709,0.0856,0.114,0.166,99.992,audio_features,6GGtHZgBycCgGBUhZo81xe,,https://api.spotify.com/v1/tracks/6GGtHZgBycCgGBUhZo81xe,https://api.spotify.com/v1/audio-analysis/6GGtHZgBycCgGBUhZo81xe,209156,4,Lana Del Rey,Say Yes To Heaven,6GGtHZgBycCgGBUhZo81xe,89,00FQb4jTyendYWaN8pK0wa
7,0.571,0.458,4,-9.283,1,0.0258,0.544,9.27E-05,0.123,0.299,132.025,audio_features,5LrN7yUQAzvthd4QujgPFr,,https://api.spotify.com/v1/tracks/5LrN7yUQAzvthd4QujgPFr,https://api.spotify.com/v1/audio-analysis/5LrN7yUQAzvthd4QujgPFr,242485,4,d4vd,Here With Me,5LrN7yUQAzvthd4QujgPFr,89,5y8tKLUfMvliMe8IKamR32
8,0.77,0.622,11,-10.621,1,0.026,0.328,0.00603,0.149,0.792,115.952,audio_features,3HOKxuTDmNVmIlCIpBiD8m,,https://api.spotify.com/v1/tracks/3HOKxuTDmNVmIlCIpBiD8m,https://api.spotify.com/v1/audio-analysis/3HOKxuTDmNVmIlCIpBiD8m,231247,3,Peso Pluma,LAGUNAS,3HOKxuTDmNVmIlCIpBiD8m,87,12GqGscKJx3aE4t07u7eVZ
9,0.712,0.603,8,-5.52,1,0.0262,0.186,0,0.115,0.67,97.994,audio_features,1Lo0QY9cvc8sUB2vnIOxDT,,https://api.spotify.com/v1/tracks/1Lo0QY9cvc8sUB2vnIOxDT,https://api.spotify.com/v1/audio-analysis/1Lo0QY9cvc8sUB2vnIOxDT,265493,4,Luke Combs,Fast Car,1Lo0QY9cvc8sUB2vnIOxDT,88,718COspgdWOnwOFpJHRZHS
10,0.549,0.44,7,-8.192,1,0.0264,0.232,7.37E-06,0.107,0.214,128.01,audio_features,0mKnuxVkPi5h0kuvZl44VM,,https://api.spotify.com/v1/tracks/0mKnuxVkPi5h0kuvZl44VM,https://api.spotify.com/v1/audio-analysis/0mKnuxVkPi5h0kuvZl44VM,293707,3,Morgan Wallen,Cover Me Up,0mKnuxVkPi5h0kuvZl44VM,78,4oUHIQIBe0LHzYfvXNW4QM
11,0.505,0.532,8,-3.526,1,0.0265,0.012,0,0.149,0.216,81.907,audio_features,3sW3oSbzsfecv9XoUdGs7h,,https://api.spotify.com/v1/tracks/3sW3oSbzsfecv9XoUdGs7h,https://api.spotify.com/v1/audio-analysis/3sW3oSbzsfecv9XoUdGs7h,353253,4,Taylor Swift,Enchanted (Taylor's Version),3sW3oSbzsfecv9XoUdGs7h,87,06HL4z0CvFAxyc27GXpf02
12,0.652,0.813,6,-2.842,1,0.0268,0.00544,0,0.101,0.851,102.987,audio_features,0k11c8vwyeNSGQex6UMa1v,,https://api.spotify.com/v1/tracks/0k11c8vwyeNSGQex6UMa1v,https://api.spotify.com/v1/audio-analysis/0k11c8vwyeNSGQex6UMa1v,182161,4,Jon Pardi,Last Night Lonely,0k11c8vwyeNSGQex6UMa1v,73,4MoAOfV4ROWofLG3a3hhBN
13,0.527,0.461,7,-5.908,1,0.0269,0.118,0,0.0831,0.227,128.153,audio_features,2ccuOtUjIyx3tPcsnpeBzJ,,https://api.spotify.com/v1/tracks/2ccuOtUjIyx3tPcsnpeBzJ,https://api.spotify.com/v1/audio-analysis/2ccuOtUjIyx3tPcsnpeBzJ,214405,3,ERNEST,Flower Shops (feat. Morgan Wallen),2ccuOtUjIyx3tPcsnpeBzJ,71,4GGfAshSkqoxpZdoaHm7ky
14,0.466,0.0918,10,-26.813,1,0.0269,0.929,0.803,0.439,0.0841,95.014,audio_features,4xF4ZBGPZKxECeDFrqSAG4,,https://api.spotify.com/v1/tracks/4xF4ZBGPZKxECeDFrqSAG4,https://api.spotify.com/v1/audio-analysis/4xF4ZBGPZKxECeDFrqSAG4,124066,4,?_neheart,snowfall,4xF4ZBGPZKxECeDFrqSAG4,87,0dgJbQ0bKPyUXco8hEXN7X
15,0.527,0.461,7,-5.908,1,0.0269,0.118,0,0.0831,0.227,128.153,audio_features,0De9jFjJ4eRLl7Yww2eBw1,,https://api.spotify.com/v1/tracks/0De9jFjJ4eRLl7Yww2eBw1,https://api.spotify.com/v1/audio-analysis/0De9jFjJ4eRLl7Yww2eBw1,214405,3,ERNEST,Flower Shops (feat. Morgan Wallen),0De9jFjJ4eRLl7Yww2eBw1,76,4GGfAshSkqoxpZdoaHm7ky
16,0.713,0.676,10,-5.483,1,0.027,0.0377,0,0.154,0.721,99.048,audio_features,5zFglKYiknIxks8geR8rcL,,https://api.spotify.com/v1/tracks/5zFglKYiknIxks8geR8rcL,https://api.spotify.com/v1/audio-analysis/5zFglKYiknIxks8geR8rcL,227395,4,Maroon 5,Beautiful Mistakes (feat. Megan Thee Stallion),5zFglKYiknIxks8geR8rcL,80,04gDigrS5kc9YWfZHwBETP
17,0.739,0.491,6,-11.515,1,0.027,0.791,0.0366,0.1,0.707,111.008,audio_features,0HAqq2GcQKyi3s87GuN7jU,,https://api.spotify.com/v1/tracks/0HAqq2GcQKyi3s87GuN7jU,https://api.spotify.com/v1/audio-analysis/0HAqq2GcQKyi3s87GuN7jU,228922,4,Clairo,Amoeba,0HAqq2GcQKyi3s87GuN7jU,74,3l0CmX0FuQjFxr8SK7Vqag
18,0.648,0.781,9,-8.736,0,0.0271,0.0332,0.013,0.305,0.822,133.417,audio_features,6RiiSy9GzSwiyDEJDiMuKe,,https://api.spotify.com/v1/tracks/6RiiSy9GzSwiyDEJDiMuKe,https://api.spotify.com/v1/audio-analysis/6RiiSy9GzSwiyDEJDiMuKe,153313,4,Eyedress,Something About You,6RiiSy9GzSwiyDEJDiMuKe,83,3XxNRirzbjfLdDli06zMaB
19,0.57,0.67,1,-6.519,1,0.0274,0.426,0,0.108,0.593,140.924,audio_features,0bILU0UiNDmA5Ff6whhb2R,,https://api.spotify.com/v1/tracks/0bILU0UiNDmA5Ff6whhb2R,https://api.spotify.com/v1/audio-analysis/0bILU0UiNDmA5Ff6whhb2R,178723,4,Bailey Zimmerman,Religiously,0bILU0UiNDmA5Ff6whhb2R,84,3win9vGIxFfBRag9S63wwf
20,0.606,0.377,0,-9.455,1,0.0275,0.817,0,0.154,0.446,101.96,audio_features,01K4zKU104LyJ8gMb7227B,,https://api.spotify.com/v1/tracks/01K4zKU104LyJ8gMb7227B,https://api.spotify.com/v1/audio-analysis/01K4zKU104LyJ8gMb7227B,258813,4,Taylor Swift,Nothing New (feat. Phoebe Bridgers) (Taylor???Version) (From The Vault),01K4zKU104LyJ8gMb7227B,78,06HL4z0CvFAxyc27GXpf02
21,0.565,0.56,6,-6.034,1,0.0275,0.538,0,0.0961,0.325,159.931,audio_features,67AdiJcurlf6gocGobfaXs,,https://api.spotify.com/v1/tracks/67AdiJcurlf6gocGobfaXs,https://api.spotify.com/v1/audio-analysis/67AdiJcurlf6gocGobfaXs,177267,4,Luke Combs,"Going, Going, Gone",67AdiJcurlf6gocGobfaXs,79,718COspgdWOnwOFpJHRZHS
22,0.582,0.568,1,-7.3,1,0.0275,0.577,0,0.105,0.394,121.991,audio_features,1TE8AAk9koG0UJco6ZAUfx,,https://api.spotify.com/v1/tracks/1TE8AAk9koG0UJco6ZAUfx,https://api.spotify.com/v1/audio-analysis/1TE8AAk9koG0UJco6ZAUfx,207541,3,Bailey Zimmerman,Rock and A Hard Place,1TE8AAk9koG0UJco6ZAUfx,82,3win9vGIxFfBRag9S63wwf
23,0.665,0.296,7,-8.64,1,0.0276,0.744,0,0.0922,0.539,89.142,audio_features,1JcIXOir94YUYBt2cXTzn2,,https://api.spotify.com/v1/tracks/1JcIXOir94YUYBt2cXTzn2,https://api.spotify.com/v1/audio-analysis/1JcIXOir94YUYBt2cXTzn2,255144,4,Noah Kahan,Growing Sideways,1JcIXOir94YUYBt2cXTzn2,73,2RQXRUsr4IW1f3mKyKsy4B
24,0.608,0.745,1,-4.13,1,0.0277,0.0226,6.47E-06,0.0942,0.464,102.025,audio_features,48UKTR66uUOT9LaUvooTNx,,https://api.spotify.com/v1/tracks/48UKTR66uUOT9LaUvooTNx,https://api.spotify.com/v1/audio-analysis/48UKTR66uUOT9LaUvooTNx,224427,4,Luke Combs,The Kind of Love We Make,48UKTR66uUOT9LaUvooTNx,82,718COspgdWOnwOFpJHRZHS
25,0.421,0.394,11,-8.312,1,0.0277,0.863,4.74E-06,0.0984,0.399,96.192,audio_features,0EF1EE8zusg3Y869e56JFd,,https://api.spotify.com/v1/tracks/0EF1EE8zusg3Y869e56JFd,https://api.spotify.com/v1/audio-analysis/0EF1EE8zusg3Y869e56JFd,211000,3,Rio Romeo,Nothing's New,0EF1EE8zusg3Y869e56JFd,80,22y08IZx7u6SWpsfap1Cub
26,0.608,0.745,1,-4.13,1,0.0277,0.0226,6.47E-06,0.0942,0.464,102.025,audio_features,28n8z9IQKyjMPxmvYMBqZa,,https://api.spotify.com/v1/tracks/28n8z9IQKyjMPxmvYMBqZa,https://api.spotify.com/v1/audio-analysis/28n8z9IQKyjMPxmvYMBqZa,224427,4,Luke Combs,The Kind of Love We Make,28n8z9IQKyjMPxmvYMBqZa,75,718COspgdWOnwOFpJHRZHS
27,0.327,0.452,9,-9.726,1,0.0277,0.344,0.00332,0.11,0.202,132.427,audio_features,4qG7hWhljsqqENL5PaLA2z,,https://api.spotify.com/v1/tracks/4qG7hWhljsqqENL5PaLA2z,https://api.spotify.com/v1/audio-analysis/4qG7hWhljsqqENL5PaLA2z,278126,4,Lana Del Rey,Let The Light In (feat. Father John Misty),4qG7hWhljsqqENL5PaLA2z,83,00FQb4jTyendYWaN8pK0wa
28,0.53,0.678,6,-6.16,1,0.0278,0.506,6.23E-06,0.138,0.508,140.05,audio_features,3Qu3Zh4WTKhP9GEXo0aDnb,,https://api.spotify.com/v1/tracks/3Qu3Zh4WTKhP9GEXo0aDnb,https://api.spotify.com/v1/audio-analysis/3Qu3Zh4WTKhP9GEXo0aDnb,215572,4,Morgan Wallen,Thought You Should Know,3Qu3Zh4WTKhP9GEXo0aDnb,80,4oUHIQIBe0LHzYfvXNW4QM
29,0.602,0.59,0,-6.346,0,0.0279,0.318,0.000166,0.104,0.381,130.08,audio_features,7iqQz931tn59mK6IZ3knRx,,https://api.spotify.com/v1/tracks/7iqQz931tn59mK6IZ3knRx,https://api.spotify.com/v1/audio-analysis/7iqQz931tn59mK6IZ3knRx,274293,4,Lana Del Rey,Dealer,7iqQz931tn59mK6IZ3knRx,76,00FQb4jTyendYWaN8pK0wa
30,0.635,0.772,7,-4.825,1,0.0279,0.216,0,0.285,0.948,119.017,audio_features,1MX19fnaW1OUQoglWTYaOo,,https://api.spotify.com/v1/tracks/1MX19fnaW1OUQoglWTYaOo,https://api.spotify.com/v1/audio-analysis/1MX19fnaW1OUQoglWTYaOo,147893,4,Morgan Wallen,Dangerous,1MX19fnaW1OUQoglWTYaOo,72,4oUHIQIBe0LHzYfvXNW4QM
31,0.416,0.762,2,-7.385,1,0.0279,0.312,0.804,0.0559,0.461,95.967,audio_features,1fDFHXcykq4iw8Gg7s5hG9,,https://api.spotify.com/v1/tracks/1fDFHXcykq4iw8Gg7s5hG9,https://api.spotify.com/v1/audio-analysis/1fDFHXcykq4iw8Gg7s5hG9,326491,4,The 1975,About You,1fDFHXcykq4iw8Gg7s5hG9,82,3mIj9lX2MWuHmhNCA7LSCW
32,0.642,0.695,7,-5.62,1,0.0281,0.000443,1.02E-05,0.0753,0.642,103.984,audio_features,3yII7UwgLF6K5zW3xad3MP,,https://api.spotify.com/v1/tracks/3yII7UwgLF6K5zW3xad3MP,https://api.spotify.com/v1/audio-analysis/3yII7UwgLF6K5zW3xad3MP,230960,4,Taylor Swift,22 (Taylor's Version),3yII7UwgLF6K5zW3xad3MP,80,06HL4z0CvFAxyc27GXpf02
33,0.678,0.733,7,-5.025,1,0.0281,0.00115,0,0.104,0.581,121.009,audio_features,6pYNq0ZwpPVazKzsqpf0G8,,https://api.spotify.com/v1/tracks/6pYNq0ZwpPVazKzsqpf0G8,https://api.spotify.com/v1/audio-analysis/6pYNq0ZwpPVazKzsqpf0G8,200280,4,Taylor Swift,The Very First Night (Taylor's Version) (From The Vault),6pYNq0ZwpPVazKzsqpf0G8,77,06HL4z0CvFAxyc27GXpf02
34,0.458,0.535,5,-4.854,0,0.0281,0.575,0,0.168,0.216,82.826,audio_features,1i9lZvlaDdWDPyXEE95aiq,,https://api.spotify.com/v1/tracks/1i9lZvlaDdWDPyXEE95aiq,https://api.spotify.com/v1/audio-analysis/1i9lZvlaDdWDPyXEE95aiq,353755,4,Travis Scott,TELEKINESIS (feat. SZA & Future),1i9lZvlaDdWDPyXEE95aiq,88,0Y5tJX1MQlPlqiwlOH1tJY
35,0.581,0.619,10,-6.524,1,0.0282,0.769,0.000106,0.117,0.645,137.915,audio_features,3zwMVvkBe2qIKDObWgXw4N,,https://api.spotify.com/v1/tracks/3zwMVvkBe2qIKDObWgXw4N,https://api.spotify.com/v1/audio-analysis/3zwMVvkBe2qIKDObWgXw4N,245027,4,Taylor Swift,right where you left me - bonus track,3zwMVvkBe2qIKDObWgXw4N,82,06HL4z0CvFAxyc27GXpf02
36,0.569,0.741,5,-4.963,1,0.0282,0.0122,0,0.333,0.43,100.118,audio_features,77sMIMlNaSURUAXq5coCxE,,https://api.spotify.com/v1/tracks/77sMIMlNaSURUAXq5coCxE,https://api.spotify.com/v1/audio-analysis/77sMIMlNaSURUAXq5coCxE,241592,4,Taylor Swift,Fearless (Taylor???Version),77sMIMlNaSURUAXq5coCxE,84,06HL4z0CvFAxyc27GXpf02
37,0.604,0.366,5,-7.519,1,0.0282,0.578,0,0.133,0.13,141.981,audio_features,46IZ0fSY2mpAiktS3KOqds,,https://api.spotify.com/v1/tracks/46IZ0fSY2mpAiktS3KOqds,https://api.spotify.com/v1/audio-analysis/46IZ0fSY2mpAiktS3KOqds,224695,4,Adele,Easy On Me,46IZ0fSY2mpAiktS3KOqds,83,4dpARuHxo51G3z768sgnrY
38,0.604,0.366,5,-7.519,1,0.0282,0.578,0,0.133,0.13,141.981,audio_features,0gplL1WMoJ6iYaPgMCL0gX,,https://api.spotify.com/v1/tracks/0gplL1WMoJ6iYaPgMCL0gX,https://api.spotify.com/v1/audio-analysis/0gplL1WMoJ6iYaPgMCL0gX,224695,4,Adele,Easy On Me,0gplL1WMoJ6iYaPgMCL0gX,84,4dpARuHxo51G3z768sgnrY
39,0.764,0.705,8,-3.463,1,0.0284,0.259,8.92E-05,0.12,0.781,110.97,audio_features,3DarAbFujv6eYNliUTyqtz,,https://api.spotify.com/v1/tracks/3DarAbFujv6eYNliUTyqtz,https://api.spotify.com/v1/audio-analysis/3DarAbFujv6eYNliUTyqtz,208667,4,Doja Cat,Kiss Me More (feat. SZA),3DarAbFujv6eYNliUTyqtz,82,5cj0lLjcoR7YOSnhnX0Po5
40,0.358,0.284,7,-8.285,1,0.0285,0.805,0,0.183,0.276,99.796,audio_features,5Y35SjAfXjjG0sFQ3KOxmm,,https://api.spotify.com/v1/tracks/5Y35SjAfXjjG0sFQ3KOxmm,https://api.spotify.com/v1/audio-analysis/5Y35SjAfXjjG0sFQ3KOxmm,180853,3,SZA,Nobody Gets Me,5Y35SjAfXjjG0sFQ3KOxmm,83,7tYKF4w9nC0nq9CsPZTHyP
41,0.537,0.421,5,-8.72,1,0.0285,0.827,0,0.138,0.524,98.224,audio_features,2HafqoJbgXdtjwCOvNEF14,,https://api.spotify.com/v1/tracks/2HafqoJbgXdtjwCOvNEF14,https://api.spotify.com/v1/audio-analysis/2HafqoJbgXdtjwCOvNEF14,184061,4,iì±°igo quintero,Si No Estì°¼s,2HafqoJbgXdtjwCOvNEF14,99,0jbo7KFNMiIkfBR6ih0yhm
42,0.663,0.502,5,-7.07,1,0.0285,0.791,0,0.105,0.371,143.969,audio_features,3jfywRZH6cB2iLyKqo4EZd,,https://api.spotify.com/v1/tracks/3jfywRZH6cB2iLyKqo4EZd,https://api.spotify.com/v1/audio-analysis/3jfywRZH6cB2iLyKqo4EZd,183087,4,Dylan Scott,Can't Have Mine (Find You A Girl),3jfywRZH6cB2iLyKqo4EZd,75,78YqeIji3mgAS2K1Maca6x
43,0.551,0.55,10,-5.339,1,0.0286,0.777,0,0.202,0.342,101.19,audio_features,1Y3LN4zO1Edc2EluIoSPJN,,https://api.spotify.com/v1/tracks/1Y3LN4zO1Edc2EluIoSPJN,https://api.spotify.com/v1/audio-analysis/1Y3LN4zO1Edc2EluIoSPJN,176440,3,Stephen Sanchez,Until I Found You (with Em Beihold) - Em Beihold Version,1Y3LN4zO1Edc2EluIoSPJN,89,5XKFrudbV4IiuE5WuTPRmT
44,0.641,0.803,6,-5.781,0,0.0286,0.00232,3.86E-06,0.361,0.671,121.086,audio_features,2YVlDlk2zRceefo6XlC6DX,,https://api.spotify.com/v1/tracks/2YVlDlk2zRceefo6XlC6DX,https://api.spotify.com/v1/audio-analysis/2YVlDlk2zRceefo6XlC6DX,158004,4,Morgan Wallen,Ain???That Some,2YVlDlk2zRceefo6XlC6DX,80,4oUHIQIBe0LHzYfvXNW4QM
45,0.539,0.508,10,-6.05,1,0.0288,0.727,0,0.174,0.227,101.358,audio_features,0T5iIrXA4p5GsubkhuBIKV,,https://api.spotify.com/v1/tracks/0T5iIrXA4p5GsubkhuBIKV,https://api.spotify.com/v1/audio-analysis/0T5iIrXA4p5GsubkhuBIKV,177720,3,Stephen Sanchez,Until I Found You,0T5iIrXA4p5GsubkhuBIKV,83,5XKFrudbV4IiuE5WuTPRmT
46,0.4,0.571,11,-6.534,0,0.0288,0.468,3.05E-05,0.519,0.146,61.859,audio_features,3Z0qLOS0cqWKPHXkbTXmNF,,https://api.spotify.com/v1/tracks/3Z0qLOS0cqWKPHXkbTXmNF,https://api.spotify.com/v1/audio-analysis/3Z0qLOS0cqWKPHXkbTXmNF,212736,4,Cults,Gilded Lily,3Z0qLOS0cqWKPHXkbTXmNF,81,3Oim8XBPbznAa8Jj8QzNc8
47,0.658,0.538,5,-7.676,1,0.0289,0.657,0,0.123,0.62,136.967,audio_features,42lqBjPYlmL1EXpMDXvhSN,,https://api.spotify.com/v1/tracks/42lqBjPYlmL1EXpMDXvhSN,https://api.spotify.com/v1/audio-analysis/42lqBjPYlmL1EXpMDXvhSN,161773,4,Morgan Wallen,Somebody???Problem,42lqBjPYlmL1EXpMDXvhSN,72,4oUHIQIBe0LHzYfvXNW4QM
48,0.556,0.59,10,-6.846,1,0.029,0.25,0,0.109,0.573,143.972,audio_features,4hEA25qUMn3camHI87UhiI,,https://api.spotify.com/v1/tracks/4hEA25qUMn3camHI87UhiI,https://api.spotify.com/v1/audio-analysis/4hEA25qUMn3camHI87UhiI,194271,4,Bailey Zimmerman,Never Comin' Home,4hEA25qUMn3camHI87UhiI,71,3win9vGIxFfBRag9S63wwf
49,0.66,0.706,5,-5.219,1,0.0291,0.092,0,0.129,0.453,114.991,audio_features,7INk3focyW89pATBgageU7,,https://api.spotify.com/v1/tracks/7INk3focyW89pATBgageU7,https://api.spotify.com/v1/audio-analysis/7INk3focyW89pATBgageU7,169573,4,Dylan Scott,Good Times Go By Too Fast,7INk3focyW89pATBgageU7,76,78YqeIji3mgAS2K1Maca6x
50,0.516,0.322,9,-11.762,1,0.0292,0.473,0.00194,0.215,0.261,148.005,audio_features,2L9N0zZnd37dwF0clgxMGI,,https://api.spotify.com/v1/tracks/2L9N0zZnd37dwF0clgxMGI,https://api.spotify.com/v1/audio-analysis/2L9N0zZnd37dwF0clgxMGI,182888,3,Lizzy McAlpine,ceilings,2L9N0zZnd37dwF0clgxMGI,86,1GmsPCcpKgF9OhlNXjOsbS
51,0.633,0.664,10,-5.037,1,0.0294,0.46,0,0.108,0.268,115.058,audio_features,64SCQtbRtmO28ks1QhS3w5,,https://api.spotify.com/v1/tracks/64SCQtbRtmO28ks1QhS3w5,https://api.spotify.com/v1/audio-analysis/64SCQtbRtmO28ks1QhS3w5,156747,4,Morgan Wallen,Warning,64SCQtbRtmO28ks1QhS3w5,72,4oUHIQIBe0LHzYfvXNW4QM
52,0.771,0.386,4,-8.917,1,0.0297,0.276,2.01E-05,0.121,0.239,103.96,audio_features,2ByBBvpR9b7IynvRmnG7kG,,https://api.spotify.com/v1/tracks/2ByBBvpR9b7IynvRmnG7kG,https://api.spotify.com/v1/audio-analysis/2ByBBvpR9b7IynvRmnG7kG,271000,4,Taylor Swift,Clean (Taylor's Version),2ByBBvpR9b7IynvRmnG7kG,84,06HL4z0CvFAxyc27GXpf02
53,0.524,0.643,9,-6.055,1,0.0297,0.451,0,0.221,0.397,135.962,audio_features,0rCFRyEy4WXjRXNpO80Dzs,,https://api.spotify.com/v1/tracks/0rCFRyEy4WXjRXNpO80Dzs,https://api.spotify.com/v1/audio-analysis/0rCFRyEy4WXjRXNpO80Dzs,232059,4,Bailey Zimmerman,Fall In Love,0rCFRyEy4WXjRXNpO80Dzs,80,3win9vGIxFfBRag9S63wwf
54,0.662,0.413,0,-7.357,1,0.0299,0.213,0,0.134,0.467,93.005,audio_features,1KMkcUvF7m3SDChDOa7i5L,,https://api.spotify.com/v1/tracks/1KMkcUvF7m3SDChDOa7i5L,https://api.spotify.com/v1/audio-analysis/1KMkcUvF7m3SDChDOa7i5L,161385,4,The Kid LAROI,WITHOUT YOU,1KMkcUvF7m3SDChDOa7i5L,78,2tIP7SsRs7vjIcLrU85W8J
55,0.571,0.544,6,-10.613,1,0.0299,0.453,0.00805,0.322,0.216,132.052,audio_features,1xK59OXxi2TAAAbmZK0kBL,,https://api.spotify.com/v1/tracks/1xK59OXxi2TAAAbmZK0kBL,https://api.spotify.com/v1/audio-analysis/1xK59OXxi2TAAAbmZK0kBL,132631,4,d4vd,Romantic Homicide,1xK59OXxi2TAAAbmZK0kBL,90,5y8tKLUfMvliMe8IKamR32
56,0.56,0.576,6,-6.92,1,0.03,0.309,2.08E-05,0.0988,0.478,133.491,audio_features,1TsiwVwHhLgVK8sxBchINM,,https://api.spotify.com/v1/tracks/1TsiwVwHhLgVK8sxBchINM,https://api.spotify.com/v1/audio-analysis/1TsiwVwHhLgVK8sxBchINM,188883,4,Zach Bryan,Tishomingo,1TsiwVwHhLgVK8sxBchINM,73,40ZNYROS4zLfyyBSs2PGe2
57,0.543,0.48,2,-6.745,1,0.0301,0.794,0,0.119,0.391,154.78,audio_features,1RvoRAL612adAVrPUoAMHR,,https://api.spotify.com/v1/tracks/1RvoRAL612adAVrPUoAMHR,https://api.spotify.com/v1/audio-analysis/1RvoRAL612adAVrPUoAMHR,234333,3,Morgan Wallen,Bandaid On A Bullet Hole,1RvoRAL612adAVrPUoAMHR,70,4oUHIQIBe0LHzYfvXNW4QM
58,0.364,0.554,4,-9.076,1,0.0301,0.077,0.000297,0.125,0.257,150.079,audio_features,0j3mqDTK4Z6lvrLzFCUUz6,,https://api.spotify.com/v1/tracks/0j3mqDTK4Z6lvrLzFCUUz6,https://api.spotify.com/v1/audio-analysis/0j3mqDTK4Z6lvrLzFCUUz6,214800,3,Suki Waterhouse,Good Looking,0j3mqDTK4Z6lvrLzFCUUz6,83,5GGJosGMs08YEmKTZJe1fL
59,0.59,0.36,7,-9.643,1,0.0301,0.599,0,0.112,0.379,169.909,audio_features,4nHJcUtNSUVjXRnjdP29Bk,,https://api.spotify.com/v1/tracks/4nHJcUtNSUVjXRnjdP29Bk,https://api.spotify.com/v1/audio-analysis/4nHJcUtNSUVjXRnjdP29Bk,286369,4,Noah Kahan,You??±e Gonna Go Far,4nHJcUtNSUVjXRnjdP29Bk,82,2RQXRUsr4IW1f3mKyKsy4B
60,0.631,0.518,0,-8.771,1,0.0303,0.274,0,0.088,0.205,93.023,audio_features,5enxwA8aAbwZbf5qCHORXi,,https://api.spotify.com/v1/tracks/5enxwA8aAbwZbf5qCHORXi,https://api.spotify.com/v1/audio-analysis/5enxwA8aAbwZbf5qCHORXi,613027,4,Taylor Swift,All Too Well (10 Minute Version) (Taylor's Version) (From The Vault),5enxwA8aAbwZbf5qCHORXi,87,06HL4z0CvFAxyc27GXpf02
61,0.576,0.457,0,-6.473,1,0.0304,0.143,3.05E-05,0.0917,0.301,138.984,audio_features,0rzaRSujxA0bKyjJl6vHYq,,https://api.spotify.com/v1/tracks/0rzaRSujxA0bKyjJl6vHYq,https://api.spotify.com/v1/audio-analysis/0rzaRSujxA0bKyjJl6vHYq,218577,4,Harry Styles,Satellite,0rzaRSujxA0bKyjJl6vHYq,83,6KImCVD70vtIoJWnq6nGn3
62,0.583,0.351,0,-5.836,1,0.0306,0.494,0,0.368,0.462,79.014,audio_features,4pCbJC43j3gSqG6Fen6upD,,https://api.spotify.com/v1/tracks/4pCbJC43j3gSqG6Fen6upD,https://api.spotify.com/v1/audio-analysis/4pCbJC43j3gSqG6Fen6upD,227467,4,Zach Bryan,Hey Driver (feat. The War and Treaty),4pCbJC43j3gSqG6Fen6upD,86,40ZNYROS4zLfyyBSs2PGe2
63,0.444,0.0911,0,-17.665,1,0.0307,0.959,1.05E-06,0.098,0.142,78.403,audio_features,6wf7Yu7cxBSPrRlWeSeK0Q,,https://api.spotify.com/v1/tracks/6wf7Yu7cxBSPrRlWeSeK0Q,https://api.spotify.com/v1/audio-analysis/6wf7Yu7cxBSPrRlWeSeK0Q,222370,4,Billie Eilish,"What Was I Made For? [From The Motion Picture ""Barbie""]",6wf7Yu7cxBSPrRlWeSeK0Q,94,6qqNVTkY8uBg9cP3Jd7DAH
64,0.656,0.757,3,-5.775,0,0.0308,0.492,0,0.117,0.429,139.971,audio_features,0PAcdVzhPO4gq1Iym9ESnK,,https://api.spotify.com/v1/tracks/0PAcdVzhPO4gq1Iym9ESnK,https://api.spotify.com/v1/audio-analysis/0PAcdVzhPO4gq1Iym9ESnK,177388,4,Morgan Wallen,Thinkin??Bout Me,0PAcdVzhPO4gq1Iym9ESnK,86,4oUHIQIBe0LHzYfvXNW4QM
65,0.697,0.82,5,-4.502,1,0.0308,0.1,0,0.0631,0.502,136.054,audio_features,74X2u8JMVooG2QbjRxXwR8,,https://api.spotify.com/v1/tracks/74X2u8JMVooG2QbjRxXwR8,https://api.spotify.com/v1/audio-analysis/74X2u8JMVooG2QbjRxXwR8,159080,4,LE SSERAFIM,Perfect Night,74X2u8JMVooG2QbjRxXwR8,90,4SpbR6yFEvexJuaBpgAU5p
66,0.795,0.8,1,-6.32,1,0.0309,0.0354,7.25E-05,0.0915,0.934,116.032,audio_features,7rglLriMNBPAyuJOMGwi39,,https://api.spotify.com/v1/tracks/7rglLriMNBPAyuJOMGwi39,https://api.spotify.com/v1/audio-analysis/7rglLriMNBPAyuJOMGwi39,202735,4,Elton John,Cold Heart - PNAU Remix,7rglLriMNBPAyuJOMGwi39,71,3PhoLpVuITZKcymswpck5b
67,0.498,0.764,4,-5.006,1,0.0309,0.123,3.07E-05,0.119,0.489,147.984,audio_features,73zawW1ttszLRgT9By826D,,https://api.spotify.com/v1/tracks/73zawW1ttszLRgT9By826D,https://api.spotify.com/v1/audio-analysis/73zawW1ttszLRgT9By826D,191231,4,Morgan Wallen,Man Made A Bar (feat. Eric Church),73zawW1ttszLRgT9By826D,78,4oUHIQIBe0LHzYfvXNW4QM
68,0.403,0.537,3,-6.628,1,0.031,0.59,0,0.112,0.414,69.877,audio_features,0uRrG2jRR5tuifsYIJHEao,,https://api.spotify.com/v1/tracks/0uRrG2jRR5tuifsYIJHEao,https://api.spotify.com/v1/audio-analysis/0uRrG2jRR5tuifsYIJHEao,202133,4,Morgan Wallen,Sand In My Boots,0uRrG2jRR5tuifsYIJHEao,78,4oUHIQIBe0LHzYfvXNW4QM
69,0.627,0.792,2,-4.311,1,0.031,0.13,3.97E-06,0.0845,0.415,119.054,audio_features,6YvqWjhGD8mB5QXcbcUKtx,,https://api.spotify.com/v1/tracks/6YvqWjhGD8mB5QXcbcUKtx,https://api.spotify.com/v1/audio-analysis/6YvqWjhGD8mB5QXcbcUKtx,235767,4,Taylor Swift,Love Story (Taylor???Version),6YvqWjhGD8mB5QXcbcUKtx,82,06HL4z0CvFAxyc27GXpf02
70,0.626,0.79,2,-4.302,1,0.0311,0.135,3.97E-06,0.0989,0.416,119.082,audio_features,3CeCwYWvdfXbZLXFhBrbnf,,https://api.spotify.com/v1/tracks/3CeCwYWvdfXbZLXFhBrbnf,https://api.spotify.com/v1/audio-analysis/3CeCwYWvdfXbZLXFhBrbnf,235767,4,Taylor Swift,Love Story (Taylor???Version),3CeCwYWvdfXbZLXFhBrbnf,86,06HL4z0CvFAxyc27GXpf02
71,0.422,0.439,4,-6.606,0,0.0311,0.272,0,0.124,0.277,151.785,audio_features,1ldUPmqrCvk6thNYe0oUen,,https://api.spotify.com/v1/tracks/1ldUPmqrCvk6thNYe0oUen,https://api.spotify.com/v1/audio-analysis/1ldUPmqrCvk6thNYe0oUen,199500,4,Zach Bryan,All the Time,1ldUPmqrCvk6thNYe0oUen,73,40ZNYROS4zLfyyBSs2PGe2
72,0.693,0.595,8,-7.578,1,0.0311,0.0969,0,0.113,0.646,112.02,audio_features,0caJ2wkqp4UmXBwdR2JvB5,,https://api.spotify.com/v1/tracks/0caJ2wkqp4UmXBwdR2JvB5,https://api.spotify.com/v1/audio-analysis/0caJ2wkqp4UmXBwdR2JvB5,213817,4,Noah Kahan,Dial Drunk,0caJ2wkqp4UmXBwdR2JvB5,81,2RQXRUsr4IW1f3mKyKsy4B
73,0.761,0.607,7,-4.83,1,0.0312,0.00961,2.24E-05,0.367,0.674,116.98,audio_features,1hR8BSuEqPCCZfv93zzzz9,,https://api.spotify.com/v1/tracks/1hR8BSuEqPCCZfv93zzzz9,https://api.spotify.com/v1/audio-analysis/1hR8BSuEqPCCZfv93zzzz9,212600,4,Taylor Swift,Welcome To New York (Taylor's Version),1hR8BSuEqPCCZfv93zzzz9,86,06HL4z0CvFAxyc27GXpf02
74,0.702,0.586,9,-7.83,0,0.0313,0.0388,7.27E-05,0.156,0.608,134.951,audio_features,0mL82sxCRjrs3br407IdJh,,https://api.spotify.com/v1/tracks/0mL82sxCRjrs3br407IdJh,https://api.spotify.com/v1/audio-analysis/0mL82sxCRjrs3br407IdJh,199111,4,The Weeknd,Is There Someone Else?,0mL82sxCRjrs3br407IdJh,86,1Xyo4u8uXC1ZmMpatF05PJ
75,0.667,0.613,8,-7.147,1,0.0313,0.121,0,0.113,0.681,112.046,audio_features,22VHOlVYBqytsrAqV8yXBK,,https://api.spotify.com/v1/tracks/22VHOlVYBqytsrAqV8yXBK,https://api.spotify.com/v1/audio-analysis/22VHOlVYBqytsrAqV8yXBK,213817,4,Noah Kahan,Dial Drunk (with Post Malone),22VHOlVYBqytsrAqV8yXBK,85,2RQXRUsr4IW1f3mKyKsy4B
76,0.708,0.415,2,-4.078,0,0.0314,0.693,4.68E-05,0.123,0.156,119.922,audio_features,3sLTYBYs6lJsFK84t2X7wt,,https://api.spotify.com/v1/tracks/3sLTYBYs6lJsFK84t2X7wt,https://api.spotify.com/v1/audio-analysis/3sLTYBYs6lJsFK84t2X7wt,208000,4,Montell Fish,Bathroom,3sLTYBYs6lJsFK84t2X7wt,81,5nvWOyAkfNgVLKESq4fOj2
77,0.587,0.286,9,-8.839,1,0.0315,0.185,0.0288,0.214,0.302,71.123,audio_features,2VYnlKxB8jpbCeLUjQsebc,,https://api.spotify.com/v1/tracks/2VYnlKxB8jpbCeLUjQsebc,https://api.spotify.com/v1/audio-analysis/2VYnlKxB8jpbCeLUjQsebc,224680,4,Faye Webster,In A Good Way,2VYnlKxB8jpbCeLUjQsebc,74,5szilpXHcwOqnyKLqGco5j
78,0.874,0.869,1,-5.996,0,0.0315,0.00116,0.00238,0.164,0.726,126.027,audio_features,5ZduaRci3iNUiDfJbBfAaf,,https://api.spotify.com/v1/tracks/5ZduaRci3iNUiDfJbBfAaf,https://api.spotify.com/v1/audio-analysis/5ZduaRci3iNUiDfJbBfAaf,102861,4,Matt Sassari,Give It To Me - Full Vocal Mix,5ZduaRci3iNUiDfJbBfAaf,85,21dVknSLCsK37cWozWDZZS
79,0.617,0.378,9,-8.54,1,0.0315,0.428,9.16E-05,0.11,0.22,141.967,audio_features,3XgGQ1wjo5khvq2UImjyNF,,https://api.spotify.com/v1/tracks/3XgGQ1wjo5khvq2UImjyNF,https://api.spotify.com/v1/audio-analysis/3XgGQ1wjo5khvq2UImjyNF,216063,4,Brent Faiyaz,ALL MINE,3XgGQ1wjo5khvq2UImjyNF,82,3tlXnStJ1fFhdScmQeLpuG
80,0.627,0.123,7,-14.411,1,0.0316,0.859,0.00105,0.149,0.11,131.883,audio_features,4NgherJDfCXWBZBYheM4jK,,https://api.spotify.com/v1/tracks/4NgherJDfCXWBZBYheM4jK,https://api.spotify.com/v1/audio-analysis/4NgherJDfCXWBZBYheM4jK,120429,4,Kxllswxtch,WASTE,4NgherJDfCXWBZBYheM4jK,80,2VDZoCBGjxbHJbnzSX5nP6
81,0.796,0.798,1,-6.312,1,0.0317,0.034,4.19E-05,0.0952,0.942,116.032,audio_features,6zSpb8dQRaw0M1dK8PBwQz,,https://api.spotify.com/v1/tracks/6zSpb8dQRaw0M1dK8PBwQz,https://api.spotify.com/v1/audio-analysis/6zSpb8dQRaw0M1dK8PBwQz,202735,4,Elton John,Cold Heart - PNAU Remix,6zSpb8dQRaw0M1dK8PBwQz,85,3PhoLpVuITZKcymswpck5b
82,0.44,0.528,0,-7.809,1,0.0317,0.0171,0.00203,0.234,0.132,185.972,audio_features,3nsfB1vus2qaloUdcBZvDu,,https://api.spotify.com/v1/tracks/3nsfB1vus2qaloUdcBZvDu,https://api.spotify.com/v1/audio-analysis/3nsfB1vus2qaloUdcBZvDu,329160,4,Taylor Swift,All Too Well (Taylor's Version),3nsfB1vus2qaloUdcBZvDu,78,06HL4z0CvFAxyc27GXpf02
83,0.505,0.657,11,-5.24,0,0.0318,0.373,0.00107,0.126,0.252,196,audio_features,3cBsEDNhFI9E82vPj3kvi3,,https://api.spotify.com/v1/tracks/3cBsEDNhFI9E82vPj3kvi3,https://api.spotify.com/v1/audio-analysis/3cBsEDNhFI9E82vPj3kvi3,178520,3,Morgan Wallen,Wasted On You,3cBsEDNhFI9E82vPj3kvi3,86,4oUHIQIBe0LHzYfvXNW4QM
84,0.626,0.583,0,-7.346,0,0.0318,0.276,0,0.141,0.428,87.977,audio_features,1ZpPaBDswjV3VSUKqLDXPE,,https://api.spotify.com/v1/tracks/1ZpPaBDswjV3VSUKqLDXPE,https://api.spotify.com/v1/audio-analysis/1ZpPaBDswjV3VSUKqLDXPE,228145,4,Chayce Beckham,23,1ZpPaBDswjV3VSUKqLDXPE,75,5ujvZU2thXjZgFKPUt1rDt
85,0.385,0.787,9,-2.891,1,0.0318,0.0211,4.32E-06,0.136,0.337,152.251,audio_features,6ybZUqlfk938oS6WeBmDab,,https://api.spotify.com/v1/tracks/6ybZUqlfk938oS6WeBmDab,https://api.spotify.com/v1/audio-analysis/6ybZUqlfk938oS6WeBmDab,255125,4,Treaty Oak Revival,Missed Call,6ybZUqlfk938oS6WeBmDab,70,3444S3C4U9Ts86BnCtSPRV
86,0.319,0.236,5,-9.644,1,0.0318,0.898,1.62E-05,0.272,0.254,162.351,audio_features,7CC6UbCs4iGsePSzFxYxNn,,https://api.spotify.com/v1/tracks/7CC6UbCs4iGsePSzFxYxNn,https://api.spotify.com/v1/audio-analysis/7CC6UbCs4iGsePSzFxYxNn,156091,4,Kanye West,Moon,7CC6UbCs4iGsePSzFxYxNn,74,5K4W6rqBFWDnAN6FQUkS6x
87,0.522,0.641,8,-6.287,1,0.0318,0.0545,0,0.162,0.202,87.51,audio_features,7CyPwkp0oE8Ro9Dd5CUDjW,,https://api.spotify.com/v1/tracks/7CyPwkp0oE8Ro9Dd5CUDjW,https://api.spotify.com/v1/audio-analysis/7CyPwkp0oE8Ro9Dd5CUDjW,244685,4,The Weeknd,"One Of The Girls (with JENNIE, Lily Rose Depp)",7CyPwkp0oE8Ro9Dd5CUDjW,91,1Xyo4u8uXC1ZmMpatF05PJ
88,0.75,0.733,6,-3.18,0,0.0319,0.256,0,0.114,0.844,111.018,audio_features,3rUGC1vUpkDG9CZFHMur1t,,https://api.spotify.com/v1/tracks/3rUGC1vUpkDG9CZFHMur1t,https://api.spotify.com/v1/audio-analysis/3rUGC1vUpkDG9CZFHMur1t,131872,1,Tate McRae,greedy,3rUGC1vUpkDG9CZFHMur1t,100,45dkTj5sMRSjrmBSBeiHym
89,0.537,0.413,7,-7.736,1,0.0319,0.346,0,0.12,0.226,133.21,audio_features,5CscrLqFBgPfZR8fGtikov,,https://api.spotify.com/v1/tracks/5CscrLqFBgPfZR8fGtikov,https://api.spotify.com/v1/audio-analysis/5CscrLqFBgPfZR8fGtikov,198867,4,Olivia Rodrigo,making the bed,5CscrLqFBgPfZR8fGtikov,83,1McMsnEElThX1knmY4oliG
90,0.5,0.803,2,-4.591,1,0.032,0.11,2.12E-05,0.296,0.451,150.058,audio_features,0CfPMZ1DSdzglsMRpLDM2H,,https://api.spotify.com/v1/tracks/0CfPMZ1DSdzglsMRpLDM2H,https://api.spotify.com/v1/audio-analysis/0CfPMZ1DSdzglsMRpLDM2H,196707,4,Morgan Wallen,Only Thing That???Gone (feat. Chris Stapleton),0CfPMZ1DSdzglsMRpLDM2H,72,4oUHIQIBe0LHzYfvXNW4QM
91,0.504,0.308,9,-14.958,1,0.0321,0.868,0.135,0.158,0.121,113.95,audio_features,3vkCueOmm7xQDoJ17W1Pm3,,https://api.spotify.com/v1/tracks/3vkCueOmm7xQDoJ17W1Pm3,https://api.spotify.com/v1/audio-analysis/3vkCueOmm7xQDoJ17W1Pm3,137773,4,Mitski,My Love Mine All Mine,3vkCueOmm7xQDoJ17W1Pm3,97,2uYWxilOVlUdk4oV9DvwqK
92,0.515,0.593,4,-4.801,1,0.0322,0.653,0.162,0.25,0.153,94.467,audio_features,5odlY52u43F5BjByhxg7wg,,https://api.spotify.com/v1/tracks/5odlY52u43F5BjByhxg7wg,https://api.spotify.com/v1/audio-analysis/5odlY52u43F5BjByhxg7wg,209260,3,JVKE,golden hour,5odlY52u43F5BjByhxg7wg,85,164Uj4eKjl6zTBKfJLFKKK
93,0.515,0.593,4,-4.801,1,0.0322,0.653,0.162,0.25,0.153,94.467,audio_features,4yNk9iz9WVJikRFle3XEvn,,https://api.spotify.com/v1/tracks/4yNk9iz9WVJikRFle3XEvn,https://api.spotify.com/v1/audio-analysis/4yNk9iz9WVJikRFle3XEvn,209260,3,JVKE,golden hour,4yNk9iz9WVJikRFle3XEvn,83,164Uj4eKjl6zTBKfJLFKKK
94,0.586,0.616,5,-7.964,1,0.0324,0.182,0,0.0927,0.719,148.088,audio_features,02VBYrHfVwfEWXk5DXyf0T,,https://api.spotify.com/v1/tracks/02VBYrHfVwfEWXk5DXyf0T,https://api.spotify.com/v1/audio-analysis/02VBYrHfVwfEWXk5DXyf0T,242096,4,Bruno Mars,Leave The Door Open,02VBYrHfVwfEWXk5DXyf0T,83,0du5cEVh5yTK9QJze8zA0C
95,0.807,0.595,0,-7.19,1,0.0325,0.31,2.44E-05,0.0735,0.392,92.491,audio_features,2VzCjpKvPB1l1tqLndtAQa,,https://api.spotify.com/v1/tracks/2VzCjpKvPB1l1tqLndtAQa,https://api.spotify.com/v1/audio-analysis/2VzCjpKvPB1l1tqLndtAQa,239845,4,Peso Pluma,Por las Noches,2VzCjpKvPB1l1tqLndtAQa,85,12GqGscKJx3aE4t07u7eVZ
96,0.628,0.632,9,-5.932,1,0.0325,0.257,0,0.288,0.559,137.854,audio_features,5OLaVCAM2pqg7X9mAM2W8M,,https://api.spotify.com/v1/tracks/5OLaVCAM2pqg7X9mAM2W8M,https://api.spotify.com/v1/audio-analysis/5OLaVCAM2pqg7X9mAM2W8M,191227,4,Carly Pearce,What He Didn't Do,5OLaVCAM2pqg7X9mAM2W8M,72,4sIl4BTo9l9KqEi0Y3RE72
97,0.65,0.825,0,-4.645,1,0.0325,0.0215,2.44E-05,0.0936,0.593,118.091,audio_features,37BZB0z9T8Xu7U3e65qxFy,,https://api.spotify.com/v1/tracks/37BZB0z9T8Xu7U3e65qxFy,https://api.spotify.com/v1/audio-analysis/37BZB0z9T8Xu7U3e65qxFy,191014,4,The Weeknd,Save Your Tears (with Ariana Grande) (Remix),37BZB0z9T8Xu7U3e65qxFy,83,1Xyo4u8uXC1ZmMpatF05PJ
98,0.553,0.786,8,-5.477,0,0.0325,0.0438,0,0.119,0.673,149.968,audio_features,0RBw4ODUQPO4cuAOZtBGga,,https://api.spotify.com/v1/tracks/0RBw4ODUQPO4cuAOZtBGga,https://api.spotify.com/v1/audio-analysis/0RBw4ODUQPO4cuAOZtBGga,140801,4,Tory Lanez,Hurts Me,0RBw4ODUQPO4cuAOZtBGga,83,2jku7tDXc6XoB6MO2hFuqg
99,0.466,0.786,0,-5.13,1,0.0328,0.417,6.10E-05,0.125,0.571,203.903,audio_features,4obHzpwGrjoTuZh2DItEMZ,,https://api.spotify.com/v1/tracks/4obHzpwGrjoTuZh2DItEMZ,https://api.spotify.com/v1/audio-analysis/4obHzpwGrjoTuZh2DItEMZ,210507,4,Morgan Wallen,7 Summers,4obHzpwGrjoTuZh2DItEMZ,78,4oUHIQIBe0LHzYfvXNW4QM
100,0.593,0.397,6,-8.309,1,0.0329,0.684,7.44E-06,0.0982,0.32,76.703,audio_features,3EvZ03hGAFwGZ2Ebcu86YH,,https://api.spotify.com/v1/tracks/3EvZ03hGAFwGZ2Ebcu86YH,https://api.spotify.com/v1/audio-analysis/3EvZ03hGAFwGZ2Ebcu86YH,189053,4,Zach Bryan,Tourniquet,3EvZ03hGAFwGZ2Ebcu86YH,83,40ZNYROS4zLfyyBSs2PGe2
101,0.512,0.709,2,-5.766,1,0.0329,0.0415,4.25E-06,0.107,0.261,97.981,audio_features,6UoKX6uLJwhsnyTp5k5StP,,https://api.spotify.com/v1/tracks/6UoKX6uLJwhsnyTp5k5StP,https://api.spotify.com/v1/audio-analysis/6UoKX6uLJwhsnyTp5k5StP,211413,4,Cody Johnson,The Painter,6UoKX6uLJwhsnyTp5k5StP,78,6zLBxLdl60ekBLpawtT63I
102,0.534,0.288,10,-13.232,0,0.0331,0.195,5.21E-05,0.182,0.516,139.922,audio_features,7BgyWwbbybJr2IbQoI1gzH,,https://api.spotify.com/v1/tracks/7BgyWwbbybJr2IbQoI1gzH,https://api.spotify.com/v1/audio-analysis/7BgyWwbbybJr2IbQoI1gzH,164571,4,Hotel Ugly,Stevie Doesn't Wonder,7BgyWwbbybJr2IbQoI1gzH,76,35WVTyRnKAoaGExqgktVyb
103,0.495,0.896,11,-2.381,1,0.0331,0.005,0,0.353,0.462,146.04,audio_features,2O3MQ6H3gjrIWDcpeTrikT,,https://api.spotify.com/v1/tracks/2O3MQ6H3gjrIWDcpeTrikT,https://api.spotify.com/v1/audio-analysis/2O3MQ6H3gjrIWDcpeTrikT,242645,4,Kelly Clarkson,"Santa, Can???You Hear Me",2O3MQ6H3gjrIWDcpeTrikT,76,3BmGtnKgCSGYIUhmivXKWX
104,0.634,0.663,11,-6.818,1,0.0331,0.433,0.124,0.102,0.6,146.053,audio_features,41P6Tnd8KIHqON0QIydx6a,,https://api.spotify.com/v1/tracks/41P6Tnd8KIHqON0QIydx6a,https://api.spotify.com/v1/audio-analysis/41P6Tnd8KIHqON0QIydx6a,177533,4,beabadoobee,the perfect pair,41P6Tnd8KIHqON0QIydx6a,80,35l9BRT7MXmM8bv2WDQiyB
105,0.427,0.278,10,-8.83,1,0.0331,0.47,2.22E-05,0.135,0.374,85.633,audio_features,3fonAuTvuI5KMcmnueLAPq,,https://api.spotify.com/v1/tracks/3fonAuTvuI5KMcmnueLAPq,https://api.spotify.com/v1/audio-analysis/3fonAuTvuI5KMcmnueLAPq,199875,3,Sam Barber,Straight and Narrow,3fonAuTvuI5KMcmnueLAPq,80,08GfvCW09pv2QP4y9sle2a
106,0.668,0.758,5,-5.176,0,0.0332,0.483,1.89E-05,0.0837,0.834,147.989,audio_features,3dnP0JxCgygwQH9Gm7q7nb,,https://api.spotify.com/v1/tracks/3dnP0JxCgygwQH9Gm7q7nb,https://api.spotify.com/v1/audio-analysis/3dnP0JxCgygwQH9Gm7q7nb,165671,3,Eslabon Armado,Ella Baila Sola,3dnP0JxCgygwQH9Gm7q7nb,88,0XeEobZplHxzM9QzFQWLiR
107,0.668,0.758,5,-5.176,0,0.0332,0.483,1.89E-05,0.0837,0.834,147.989,audio_features,3qQbCzHBycnDpGskqOWY0E,,https://api.spotify.com/v1/tracks/3qQbCzHBycnDpGskqOWY0E,https://api.spotify.com/v1/audio-analysis/3qQbCzHBycnDpGskqOWY0E,165671,3,Eslabon Armado,Ella Baila Sola,3qQbCzHBycnDpGskqOWY0E,85,0XeEobZplHxzM9QzFQWLiR
108,0.505,0.27,9,-9.165,0,0.0333,0.593,0,0.133,0.557,98.721,audio_features,1SjsVdSXpwm1kTdYEHoPIT,,https://api.spotify.com/v1/tracks/1SjsVdSXpwm1kTdYEHoPIT,https://api.spotify.com/v1/audio-analysis/1SjsVdSXpwm1kTdYEHoPIT,163032,4,Zach Bryan,Sun to Me,1SjsVdSXpwm1kTdYEHoPIT,83,40ZNYROS4zLfyyBSs2PGe2
109,0.804,0.674,5,-5.453,0,0.0333,0.294,1.18E-06,0.115,0.292,99.968,audio_features,6Xom58OOXk2SoU711L2IXO,,https://api.spotify.com/v1/tracks/6Xom58OOXk2SoU711L2IXO,https://api.spotify.com/v1/audio-analysis/6Xom58OOXk2SoU711L2IXO,245940,4,Bad Bunny,Moscow Mule,6Xom58OOXk2SoU711L2IXO,84,4q3ewBCX7sLwd24euuV69X
110,0.621,0.411,6,-8.261,0,0.0333,0.0553,0,0.0816,0.357,110.113,audio_features,4MbzauKV2ydtZZjLsPcuTF,,https://api.spotify.com/v1/tracks/4MbzauKV2ydtZZjLsPcuTF,https://api.spotify.com/v1/audio-analysis/4MbzauKV2ydtZZjLsPcuTF,202520,4,Mariah the Scientist,Spread Thin,4MbzauKV2ydtZZjLsPcuTF,74,7HO5fOXE4gh3lzZn64tX2E
111,0.736,0.862,7,-4.136,0,0.0333,0.464,0,0.0904,0.799,145.001,audio_features,1RzjXhgnzqb3dMa5852itx,,https://api.spotify.com/v1/tracks/1RzjXhgnzqb3dMa5852itx,https://api.spotify.com/v1/audio-analysis/1RzjXhgnzqb3dMa5852itx,153032,3,Peso Pluma,LA PEOPLE,1RzjXhgnzqb3dMa5852itx,86,12GqGscKJx3aE4t07u7eVZ
112,0.477,0.565,1,-8.3,1,0.0334,0.000195,0.0011,0.193,0.0399,151.928,audio_features,0NaUT74rJ0NHS62fewzatU,,https://api.spotify.com/v1/tracks/0NaUT74rJ0NHS62fewzatU,https://api.spotify.com/v1/audio-analysis/0NaUT74rJ0NHS62fewzatU,126600,4,Odetari,I LOVE YOU HOE (w/ 9lives),0NaUT74rJ0NHS62fewzatU,84,7ITMCzIU9uII8gwRg8JAhc
113,0.508,0.43,2,-9.475,0,0.0335,0.83,0.000441,0.093,0.324,130.09,audio_features,1odExI7RdWc4BT515LTAwj,,https://api.spotify.com/v1/tracks/1odExI7RdWc4BT515LTAwj,https://api.spotify.com/v1/audio-analysis/1odExI7RdWc4BT515LTAwj,212954,4,David Kushner,Daylight,1odExI7RdWc4BT515LTAwj,94,33NVpKoXjItPwUJTMZIOiY
114,0.486,0.545,11,-7.924,1,0.0336,0.0652,0.00474,0.0642,0.0385,150.187,audio_features,4FyesJzVpA39hbYvcseO2d,,https://api.spotify.com/v1/tracks/4FyesJzVpA39hbYvcseO2d,https://api.spotify.com/v1/audio-analysis/4FyesJzVpA39hbYvcseO2d,123891,4,Lil Uzi Vert,Just Wanna Rock,4FyesJzVpA39hbYvcseO2d,82,4O15NlyKLIASxsJ0PrXPfz
115,0.731,0.85,9,-4.913,1,0.0336,0.252,0,0.605,0.644,119.706,audio_features,5uU1uuyaUIBOiiUSQG7Wl3,,https://api.spotify.com/v1/tracks/5uU1uuyaUIBOiiUSQG7Wl3,https://api.spotify.com/v1/audio-analysis/5uU1uuyaUIBOiiUSQG7Wl3,157478,4,Morgan Wallen,You Proof,5uU1uuyaUIBOiiUSQG7Wl3,76,4oUHIQIBe0LHzYfvXNW4QM
116,0.717,0.671,0,-5.077,0,0.0337,0.0018,2.54E-06,0.0921,0.699,110.054,audio_features,6f5ExP43esnvdKPddwKXJH,,https://api.spotify.com/v1/tracks/6f5ExP43esnvdKPddwKXJH,https://api.spotify.com/v1/audio-analysis/6f5ExP43esnvdKPddwKXJH,160657,4,NEIKED,Better Days (NEIKED x Mae Muller x Polo G),6f5ExP43esnvdKPddwKXJH,77,5H6xmHXjsq98NLbEjuE29f
117,0.4,0.647,2,-7.279,1,0.0337,0.176,5.79E-05,0.11,0.274,84.08,audio_features,5AihIu9yF3flkw1jFMyfwW,,https://api.spotify.com/v1/tracks/5AihIu9yF3flkw1jFMyfwW,https://api.spotify.com/v1/audio-analysis/5AihIu9yF3flkw1jFMyfwW,221520,4,Cody Johnson,Human,5AihIu9yF3flkw1jFMyfwW,71,6zLBxLdl60ekBLpawtT63I
118,0.639,0.713,5,-4.368,0,0.0337,0.0539,0,0.102,0.717,86.1,audio_features,7ETjhPaIU4UmHOiimJBZz9,,https://api.spotify.com/v1/tracks/7ETjhPaIU4UmHOiimJBZz9,https://api.spotify.com/v1/audio-analysis/7ETjhPaIU4UmHOiimJBZz9,161200,4,Jon Pardi,Your Heart Or Mine,7ETjhPaIU4UmHOiimJBZz9,78,4MoAOfV4ROWofLG3a3hhBN
119,0.694,0.764,6,-4.893,1,0.0337,0.0586,0,0.0608,0.819,123.044,audio_features,5kHMfzgLZP95O9NBy0ku4v,,https://api.spotify.com/v1/tracks/5kHMfzgLZP95O9NBy0ku4v,https://api.spotify.com/v1/audio-analysis/5kHMfzgLZP95O9NBy0ku4v,273186,4,Taylor Swift,I Can See You (Taylor???Version) (From The Vault),5kHMfzgLZP95O9NBy0ku4v,85,06HL4z0CvFAxyc27GXpf02
120,0.38,0.339,3,-7.885,1,0.0338,0.691,0,0.12,0.0849,100.607,audio_features,5CZ40GBx1sQ9agT82CLQCT,,https://api.spotify.com/v1/tracks/5CZ40GBx1sQ9agT82CLQCT,https://api.spotify.com/v1/audio-analysis/5CZ40GBx1sQ9agT82CLQCT,229227,4,Olivia Rodrigo,traitor,5CZ40GBx1sQ9agT82CLQCT,88,1McMsnEElThX1knmY4oliG
121,0.793,0.512,0,-9.319,1,0.0338,0.186,3.81E-05,0.0889,0.0662,109.994,audio_features,5KD6AEm19QnMbfWpfoOHMl,,https://api.spotify.com/v1/tracks/5KD6AEm19QnMbfWpfoOHMl,https://api.spotify.com/v1/audio-analysis/5KD6AEm19QnMbfWpfoOHMl,146437,4,Taylor Swift,Now That We Don't Talk (Taylor's Version) (From The Vault),5KD6AEm19QnMbfWpfoOHMl,92,06HL4z0CvFAxyc27GXpf02
122,0.536,0.772,3,-6.027,0,0.0339,0.206,0,0.163,0.423,134.019,audio_features,1V8LJmUEAleAHmBUaD0ZFI,,https://api.spotify.com/v1/tracks/1V8LJmUEAleAHmBUaD0ZFI,https://api.spotify.com/v1/audio-analysis/1V8LJmUEAleAHmBUaD0ZFI,208209,4,Chase Matthew,County Line,1V8LJmUEAleAHmBUaD0ZFI,73,7HTLVyjNf0VRxfIgNcfRRH
123,0.787,0.686,6,-4.37,0,0.0339,0.0893,0,0.0927,0.836,123.51,audio_features,2Zo1PcszsT9WQ0ANntJbID,,https://api.spotify.com/v1/tracks/2Zo1PcszsT9WQ0ANntJbID,https://api.spotify.com/v1/audio-analysis/2Zo1PcszsT9WQ0ANntJbID,185553,4,Sabrina Carpenter,Feather,2Zo1PcszsT9WQ0ANntJbID,86,74KM79TiuVKeVCqs8QtB0B
124,0.697,0.875,5,-4.621,1,0.034,0.137,0,0.28,0.774,140.069,audio_features,5r43qanLhUCdBj8HN3fa6B,,https://api.spotify.com/v1/tracks/5r43qanLhUCdBj8HN3fa6B,https://api.spotify.com/v1/audio-analysis/5r43qanLhUCdBj8HN3fa6B,163855,4,OneRepublic,Sunshine,5r43qanLhUCdBj8HN3fa6B,81,5Pwc4xIPtQLFEnJriah9YJ
125,0.74,0.697,8,-4.912,1,0.034,0.0268,0,0.224,0.732,138.992,audio_features,6dgUya35uo964z7GZXM07g,,https://api.spotify.com/v1/tracks/6dgUya35uo964z7GZXM07g,https://api.spotify.com/v1/audio-analysis/6dgUya35uo964z7GZXM07g,163648,4,Sabrina Carpenter,Nonsense,6dgUya35uo964z7GZXM07g,90,74KM79TiuVKeVCqs8QtB0B
126,0.521,0.366,11,-7.698,0,0.034,0.838,4.11E-06,0.12,0.225,141.965,audio_features,56xHMIfQPoe0prrSi3BGhf,,https://api.spotify.com/v1/tracks/56xHMIfQPoe0prrSi3BGhf,https://api.spotify.com/v1/audio-analysis/56xHMIfQPoe0prrSi3BGhf,205484,4,Olivia Rodrigo,Can???Catch Me Now - from The Hunger Games: The Ballad of Songbirds & Snakes,56xHMIfQPoe0prrSi3BGhf,87,1McMsnEElThX1knmY4oliG
127,0.8,0.501,0,-9.332,1,0.034,0.16,7.14E-05,0.0874,0.0831,110.013,audio_features,5QUIK7ZtziW8kGWo8RqopF,,https://api.spotify.com/v1/tracks/5QUIK7ZtziW8kGWo8RqopF,https://api.spotify.com/v1/audio-analysis/5QUIK7ZtziW8kGWo8RqopF,146437,4,Taylor Swift,Now That We Don't Talk (Taylor's Version) (From The Vault),5QUIK7ZtziW8kGWo8RqopF,85,06HL4z0CvFAxyc27GXpf02
128,0.596,0.544,4,-7.039,1,0.0341,0.391,3.06E-06,0.129,0.707,136.728,audio_features,1wLNEMiUzwvRZz9XHCXhAE,,https://api.spotify.com/v1/tracks/1wLNEMiUzwvRZz9XHCXhAE,https://api.spotify.com/v1/audio-analysis/1wLNEMiUzwvRZz9XHCXhAE,178151,4,Zach Bryan,Fifth of May,1wLNEMiUzwvRZz9XHCXhAE,75,40ZNYROS4zLfyyBSs2PGe2
129,0.455,0.379,3,-7.628,1,0.0341,0.803,0,0.109,0.413,76.967,audio_features,6QT6j7rKt7Vk3IuV2AUO9W,,https://api.spotify.com/v1/tracks/6QT6j7rKt7Vk3IuV2AUO9W,https://api.spotify.com/v1/audio-analysis/6QT6j7rKt7Vk3IuV2AUO9W,177212,4,Olivia Rodrigo,lacy,6QT6j7rKt7Vk3IuV2AUO9W,84,1McMsnEElThX1knmY4oliG
130,0.633,0.551,4,-8.297,1,0.0341,0.066,9.94E-06,0.127,0.164,109.95,audio_features,3CCRVu4F91Qp2mnGjmWBrf,,https://api.spotify.com/v1/tracks/3CCRVu4F91Qp2mnGjmWBrf,https://api.spotify.com/v1/audio-analysis/3CCRVu4F91Qp2mnGjmWBrf,279833,4,Taylor Swift,Say Don't Go (Taylor's Version) (From The Vault),3CCRVu4F91Qp2mnGjmWBrf,84,06HL4z0CvFAxyc27GXpf02
131,0.584,0.557,6,-6.371,1,0.0342,0.0129,0,0.0576,0.767,154.008,audio_features,6AtZLIzUINvExIUy4QhdjP,,https://api.spotify.com/v1/tracks/6AtZLIzUINvExIUy4QhdjP,https://api.spotify.com/v1/audio-analysis/6AtZLIzUINvExIUy4QhdjP,219760,4,Taylor Swift,I Knew You Were Trouble (Taylor's Version),6AtZLIzUINvExIUy4QhdjP,81,06HL4z0CvFAxyc27GXpf02
132,0.626,0.547,4,-8.285,1,0.0342,0.0656,1.67E-05,0.149,0.192,109.946,audio_features,4NioO5R9sHEZh4cGzMHyNt,,https://api.spotify.com/v1/tracks/4NioO5R9sHEZh4cGzMHyNt,https://api.spotify.com/v1/audio-analysis/4NioO5R9sHEZh4cGzMHyNt,279833,4,Taylor Swift,Say Don't Go (Taylor's Version) (From The Vault),4NioO5R9sHEZh4cGzMHyNt,90,06HL4z0CvFAxyc27GXpf02
133,0.762,0.766,7,-3.955,1,0.0343,0.00776,6.98E-05,0.128,0.442,130.001,audio_features,5fwSHlTEWpluwOM0Sxnh5k,,https://api.spotify.com/v1/tracks/5fwSHlTEWpluwOM0Sxnh5k,https://api.spotify.com/v1/audio-analysis/5fwSHlTEWpluwOM0Sxnh5k,287120,4,Farruko,Pepas,5fwSHlTEWpluwOM0Sxnh5k,83,329e4yvIujISKGKz1BZZbO
134,0.561,0.965,7,-3.673,0,0.0343,0.00383,7.07E-06,0.371,0.304,128.04,audio_features,4uUG5RXrOk84mYEfFvj3cK,,https://api.spotify.com/v1/tracks/4uUG5RXrOk84mYEfFvj3cK,https://api.spotify.com/v1/audio-analysis/4uUG5RXrOk84mYEfFvj3cK,175238,4,David Guetta,I'm Good (Blue),4uUG5RXrOk84mYEfFvj3cK,91,1Cs0zKBU1kc0i8ypK3B9ai
135,0.693,0.67,2,-3.537,0,0.0345,0.0958,0.00857,0.432,0.084,119.907,audio_features,221qmpQeBNV87sUjQeUTVH,,https://api.spotify.com/v1/tracks/221qmpQeBNV87sUjQeUTVH,https://api.spotify.com/v1/audio-analysis/221qmpQeBNV87sUjQeUTVH,191520,4,Metro Boomin,Around Me (feat. Don Toliver),221qmpQeBNV87sUjQeUTVH,79,0iEtIxbK0KxaSlF7G42ZOp
136,0.732,0.839,9,-5.007,1,0.0345,0.265,0,0.602,0.629,119.724,audio_features,5W4kiM2cUYBJXKRudNyxjW,,https://api.spotify.com/v1/tracks/5W4kiM2cUYBJXKRudNyxjW,https://api.spotify.com/v1/audio-analysis/5W4kiM2cUYBJXKRudNyxjW,157478,4,Morgan Wallen,You Proof,5W4kiM2cUYBJXKRudNyxjW,84,4oUHIQIBe0LHzYfvXNW4QM
137,0.522,0.223,1,-9.561,0,0.0345,0.753,0,0.165,0.439,97.045,audio_features,4dtIxANFBU6CfhI9c2hf2g,,https://api.spotify.com/v1/tracks/4dtIxANFBU6CfhI9c2hf2g,https://api.spotify.com/v1/audio-analysis/4dtIxANFBU6CfhI9c2hf2g,194440,4,Dylan Gossett,Coal,4dtIxANFBU6CfhI9c2hf2g,82,4H4M0Y4cN39zIVDHvdW53x
138,0.499,0.246,7,-8.082,1,0.0345,0.853,0,0.1,0.153,81.051,audio_features,53dtP2iUMvaF28JZcHnFuU,,https://api.spotify.com/v1/tracks/53dtP2iUMvaF28JZcHnFuU,https://api.spotify.com/v1/audio-analysis/53dtP2iUMvaF28JZcHnFuU,231907,4,Olivia Rodrigo,logical,53dtP2iUMvaF28JZcHnFuU,83,1McMsnEElThX1knmY4oliG
139,0.632,0.773,6,-4.856,1,0.0346,0.0623,0,0.0885,0.474,130.033,audio_features,1qrpoAMXodY6895hGKoUpA,,https://api.spotify.com/v1/tracks/1qrpoAMXodY6895hGKoUpA,https://api.spotify.com/v1/audio-analysis/1qrpoAMXodY6895hGKoUpA,231124,4,Taylor Swift,You Belong With Me (Taylor???Version),1qrpoAMXodY6895hGKoUpA,86,06HL4z0CvFAxyc27GXpf02
140,0.632,0.773,6,-4.856,1,0.0346,0.0623,0,0.0885,0.474,130.033,audio_features,4P7LVHDbzn7aI6wWRh5AHc,,https://api.spotify.com/v1/tracks/4P7LVHDbzn7aI6wWRh5AHc,https://api.spotify.com/v1/audio-analysis/4P7LVHDbzn7aI6wWRh5AHc,231124,4,Taylor Swift,You Belong With Me (Taylor???Version),4P7LVHDbzn7aI6wWRh5AHc,80,06HL4z0CvFAxyc27GXpf02
141,0.807,0.893,11,-3.745,0,0.0347,0.0451,2.79E-05,0.366,0.537,126.011,audio_features,3rmo8F54jFF8OgYsqTxm5d,,https://api.spotify.com/v1/tracks/3rmo8F54jFF8OgYsqTxm5d,https://api.spotify.com/v1/audio-analysis/3rmo8F54jFF8OgYsqTxm5d,230747,4,Ed Sheeran,Bad Habits,3rmo8F54jFF8OgYsqTxm5d,84,6eUKZXaKkcviH0Ku9w2n3V
142,0.659,0.745,10,-3.599,1,0.0347,0.0417,0,0.296,0.54,74.967,audio_features,3DZ8dbKg4OTSSqGARvecYd,,https://api.spotify.com/v1/tracks/3DZ8dbKg4OTSSqGARvecYd,https://api.spotify.com/v1/audio-analysis/3DZ8dbKg4OTSSqGARvecYd,185600,4,Lil Durk,Broadway Girls (feat. Morgan Wallen),3DZ8dbKg4OTSSqGARvecYd,72,3hcs9uc56yIGFCSy9leWe7
143,0.432,0.784,0,-3.506,1,0.0347,0.00561,3.35E-05,0.222,0.41,75.999,audio_features,3pVs5Zehts89WLyBPiYfxG,,https://api.spotify.com/v1/tracks/3pVs5Zehts89WLyBPiYfxG,https://api.spotify.com/v1/audio-analysis/3pVs5Zehts89WLyBPiYfxG,244430,1,Treaty Oak Revival,No Vacancy,3pVs5Zehts89WLyBPiYfxG,69,3444S3C4U9Ts86BnCtSPRV
144,0.659,0.745,10,-3.599,1,0.0347,0.0417,0,0.296,0.54,74.967,audio_features,7qTaDOcld0VmBWXnkbUj45,,https://api.spotify.com/v1/tracks/7qTaDOcld0VmBWXnkbUj45,https://api.spotify.com/v1/audio-analysis/7qTaDOcld0VmBWXnkbUj45,185600,4,Lil Durk,Broadway Girls (feat. Morgan Wallen),7qTaDOcld0VmBWXnkbUj45,76,3hcs9uc56yIGFCSy9leWe7
145,0.332,0.225,0,-8.697,1,0.0348,0.767,0.00349,0.128,0.297,81.055,audio_features,4RVwu0g32PAqgUiJoXsdF8,,https://api.spotify.com/v1/tracks/4RVwu0g32PAqgUiJoXsdF8,https://api.spotify.com/v1/audio-analysis/4RVwu0g32PAqgUiJoXsdF8,298899,3,Billie Eilish,Happier Than Ever,4RVwu0g32PAqgUiJoXsdF8,87,6qqNVTkY8uBg9cP3Jd7DAH
146,0.586,0.72,0,-5.556,1,0.035,0.000718,0,0.0949,0.481,97.057,audio_features,6GXgd1BPD9bUpqw5AntGV5,,https://api.spotify.com/v1/tracks/6GXgd1BPD9bUpqw5AntGV5,https://api.spotify.com/v1/audio-analysis/6GXgd1BPD9bUpqw5AntGV5,193289,4,Taylor Swift,All You Had To Do Was Stay (Taylor's Version),6GXgd1BPD9bUpqw5AntGV5,85,06HL4z0CvFAxyc27GXpf02
147,0.644,0.728,8,-5.75,1,0.0351,0.0543,0.169,0.161,0.43,88.993,audio_features,3OHfY25tqY28d16oZczHc8,,https://api.spotify.com/v1/tracks/3OHfY25tqY28d16oZczHc8,https://api.spotify.com/v1/audio-analysis/3OHfY25tqY28d16oZczHc8,153947,4,SZA,Kill Bill,3OHfY25tqY28d16oZczHc8,86,7tYKF4w9nC0nq9CsPZTHyP
148,0.738,0.455,3,-8.735,1,0.0352,0.695,0,0.107,0.441,99.945,audio_features,1brnLTvarI9D1hLP6z2Ar8,,https://api.spotify.com/v1/tracks/1brnLTvarI9D1hLP6z2Ar8,https://api.spotify.com/v1/audio-analysis/1brnLTvarI9D1hLP6z2Ar8,174560,4,Kane Brown,Thank God,1brnLTvarI9D1hLP6z2Ar8,76,3oSJ7TBVCWMDMiYjXNiCKE
149,0.774,0.748,0,-7.086,1,0.0352,0.331,0.0057,0.126,0.714,135.929,audio_features,3gfSH9aYZbyGjdmbeoWliw,,https://api.spotify.com/v1/tracks/3gfSH9aYZbyGjdmbeoWliw,https://api.spotify.com/v1/audio-analysis/3gfSH9aYZbyGjdmbeoWliw,186828,3,Peso Pluma,Siempre Pendientes,3gfSH9aYZbyGjdmbeoWliw,81,12GqGscKJx3aE4t07u7eVZ
150,0.686,0.494,1,-7.093,1,0.0355,0.613,5.80E-05,0.402,0.7,168.946,audio_features,4k6Uh1HXdhtusDW5y8Gbvy,,https://api.spotify.com/v1/tracks/4k6Uh1HXdhtusDW5y8Gbvy,https://api.spotify.com/v1/audio-analysis/4k6Uh1HXdhtusDW5y8Gbvy,232067,4,Steve Lacy,Bad Habit,4k6Uh1HXdhtusDW5y8Gbvy,83,57vWImR43h4CaDao012Ofp
151,0.544,0.573,8,-5.694,1,0.0356,0.0958,0,0.104,0.233,122.977,audio_features,0OWhKvvsHptt6vnnNUSM9a,,https://api.spotify.com/v1/tracks/0OWhKvvsHptt6vnnNUSM9a,https://api.spotify.com/v1/audio-analysis/0OWhKvvsHptt6vnnNUSM9a,211739,4,Zach Bryan,Oklahoma Smokeshow,0OWhKvvsHptt6vnnNUSM9a,82,40ZNYROS4zLfyyBSs2PGe2
152,0.647,0.477,6,-8.264,1,0.0356,0.0585,0,0.159,0.477,142.034,audio_features,43SoxERu5UlXAgt4Es1VQU,,https://api.spotify.com/v1/tracks/43SoxERu5UlXAgt4Es1VQU,https://api.spotify.com/v1/audio-analysis/43SoxERu5UlXAgt4Es1VQU,184949,4,Josh Meloy,Porch Light,43SoxERu5UlXAgt4Es1VQU,80,3EVsC9ZK7QMDuK4FPcZaEq
153,0.686,0.507,1,-7.097,1,0.0357,0.626,7.51E-05,0.383,0.69,168.955,audio_features,5CM4UuQ9Gnd6K2YyKGPMoK,,https://api.spotify.com/v1/tracks/5CM4UuQ9Gnd6K2YyKGPMoK,https://api.spotify.com/v1/audio-analysis/5CM4UuQ9Gnd6K2YyKGPMoK,232115,4,Steve Lacy,Bad Habit,5CM4UuQ9Gnd6K2YyKGPMoK,81,57vWImR43h4CaDao012Ofp
154,0.517,0.675,6,-5.382,1,0.0357,0.459,0,0.151,0.518,203.853,audio_features,59uQI0PADDKeE6UZDTJEe8,,https://api.spotify.com/v1/tracks/59uQI0PADDKeE6UZDTJEe8,https://api.spotify.com/v1/audio-analysis/59uQI0PADDKeE6UZDTJEe8,163855,4,Morgan Wallen,Last Night,59uQI0PADDKeE6UZDTJEe8,86,4oUHIQIBe0LHzYfvXNW4QM
155,0.624,0.766,8,-3.805,1,0.0359,0.199,8.62E-06,0.156,0.37,172.08,audio_features,7fveJ3pk1eSfxBdVkzdXZ0,,https://api.spotify.com/v1/tracks/7fveJ3pk1eSfxBdVkzdXZ0,https://api.spotify.com/v1/audio-analysis/7fveJ3pk1eSfxBdVkzdXZ0,181621,4,Morgan Wallen,Cowgirls (feat. ERNEST),7fveJ3pk1eSfxBdVkzdXZ0,82,4oUHIQIBe0LHzYfvXNW4QM
156,0.596,0.658,0,-7.346,1,0.036,0.0504,0,0.127,0.176,100.012,audio_features,1Iq8oo9XkmmvCQiGOfORiz,,https://api.spotify.com/v1/tracks/1Iq8oo9XkmmvCQiGOfORiz,https://api.spotify.com/v1/audio-analysis/1Iq8oo9XkmmvCQiGOfORiz,229478,4,Taylor Swift,Is It Over Now? (Taylor's Version) (From The Vault),1Iq8oo9XkmmvCQiGOfORiz,95,06HL4z0CvFAxyc27GXpf02
157,0.701,0.625,0,-8.804,1,0.036,0.207,0,0.105,0.323,118.036,audio_features,6M9ppdfFjR1AbpUl3Y8DcV,,https://api.spotify.com/v1/tracks/6M9ppdfFjR1AbpUl3Y8DcV,https://api.spotify.com/v1/audio-analysis/6M9ppdfFjR1AbpUl3Y8DcV,171819,4,Taylor Swift,Suburban Legends (Taylor's Version) (From The Vault),6M9ppdfFjR1AbpUl3Y8DcV,82,06HL4z0CvFAxyc27GXpf02
158,0.701,0.716,7,-3.671,0,0.0361,0.174,0,0.324,0.732,91.007,audio_features,4jPy3l0RUwlUI9T5XHBW2m,,https://api.spotify.com/v1/tracks/4jPy3l0RUwlUI9T5XHBW2m,https://api.spotify.com/v1/audio-analysis/4jPy3l0RUwlUI9T5XHBW2m,140533,4,24kGoldn,Mood (feat. iann dior),4jPy3l0RUwlUI9T5XHBW2m,82,6fWVd57NKTalqvmjRd2t8Z
159,0.498,0.61,6,-5.098,1,0.0363,0.271,0,0.223,0.474,79.918,audio_features,7qEUFOVcxRI19tbT68JcYK,,https://api.spotify.com/v1/tracks/7qEUFOVcxRI19tbT68JcYK,https://api.spotify.com/v1/audio-analysis/7qEUFOVcxRI19tbT68JcYK,245427,4,Taylor Swift,Everything Has Changed (feat. Ed Sheeran) (Taylor???Version),7qEUFOVcxRI19tbT68JcYK,76,06HL4z0CvFAxyc27GXpf02
160,0.228,0.427,0,-8.739,0,0.0363,0.752,0.0167,0.592,0.192,180.345,audio_features,2LtCEKs68u3RpNh4wybCF8,,https://api.spotify.com/v1/tracks/2LtCEKs68u3RpNh4wybCF8,https://api.spotify.com/v1/audio-analysis/2LtCEKs68u3RpNh4wybCF8,197333,4,Montell Fish,Hotel,2LtCEKs68u3RpNh4wybCF8,80,5nvWOyAkfNgVLKESq4fOj2
161,0.747,0.629,9,-8.509,0,0.0363,0.328,0.00409,0.154,0.793,127.819,audio_features,3RA55zrRkyPK8Fd86hrMy8,,https://api.spotify.com/v1/tracks/3RA55zrRkyPK8Fd86hrMy8,https://api.spotify.com/v1/audio-analysis/3RA55zrRkyPK8Fd86hrMy8,163552,3,Peso Pluma,LUNA,3RA55zrRkyPK8Fd86hrMy8,85,12GqGscKJx3aE4t07u7eVZ
162,0.369,0.272,9,-10.497,1,0.0364,0.866,0,0.147,0.218,172.929,audio_features,5JCoSi02qi3jJeHdZXMmR8,,https://api.spotify.com/v1/tracks/5JCoSi02qi3jJeHdZXMmR8,https://api.spotify.com/v1/audio-analysis/5JCoSi02qi3jJeHdZXMmR8,152667,4,Olivia Rodrigo,favorite crime,5JCoSi02qi3jJeHdZXMmR8,85,1McMsnEElThX1knmY4oliG
163,0.346,0.501,2,-6.939,1,0.0364,0.421,0,0.0657,0.299,99.855,audio_features,4x5YzxjrF9wvIIXJV7TveC,,https://api.spotify.com/v1/tracks/4x5YzxjrF9wvIIXJV7TveC,https://api.spotify.com/v1/audio-analysis/4x5YzxjrF9wvIIXJV7TveC,222927,4,Ashe,Till Forever Falls Apart,4x5YzxjrF9wvIIXJV7TveC,79,6P5NO5hzJbuOqSdyPB7SJM
164,0.334,0.599,0,-5.742,1,0.0365,0.0468,0.000392,0.205,0.127,161.74,audio_features,32BeYxKPrig1LefHsC0Xuo,,https://api.spotify.com/v1/tracks/32BeYxKPrig1LefHsC0Xuo,https://api.spotify.com/v1/audio-analysis/32BeYxKPrig1LefHsC0Xuo,151444,3,Billie Eilish,Happier Than Ever - Edit,32BeYxKPrig1LefHsC0Xuo,79,6qqNVTkY8uBg9cP3Jd7DAH
165,0.662,0.77,0,-4.887,1,0.0367,0.0875,0,0.35,0.769,132.057,audio_features,103u49mLoJUge83B1CnLxI,,https://api.spotify.com/v1/tracks/103u49mLoJUge83B1CnLxI,https://api.spotify.com/v1/audio-analysis/103u49mLoJUge83B1CnLxI,167535,4,HARDY,TRUCK BED,103u49mLoJUge83B1CnLxI,80,5QNm7E7RU2m64l6Gliu8Oy
166,0.299,0.142,2,-15.134,1,0.0369,0.965,0.113,0.111,0.123,76.748,audio_features,709p9UGPAuyImWf1Z3vjRo,,https://api.spotify.com/v1/tracks/709p9UGPAuyImWf1Z3vjRo,https://api.spotify.com/v1/audio-analysis/709p9UGPAuyImWf1Z3vjRo,269067,4,Laufey,Let You Break My Heart Again,709p9UGPAuyImWf1Z3vjRo,80,7gW0r5CkdEUMm42w9XpyZO
167,0.699,0.621,0,-8.739,1,0.0369,0.198,0,0.104,0.344,118.048,audio_features,6T0sEnqjmHISIKwFETeeiP,,https://api.spotify.com/v1/tracks/6T0sEnqjmHISIKwFETeeiP,https://api.spotify.com/v1/audio-analysis/6T0sEnqjmHISIKwFETeeiP,171819,4,Taylor Swift,Suburban Legends (Taylor's Version) (From The Vault),6T0sEnqjmHISIKwFETeeiP,86,06HL4z0CvFAxyc27GXpf02
168,0.595,0.656,0,-7.343,1,0.037,0.041,0,0.122,0.191,99.994,audio_features,6IG3sQ8s9nfk6TUlVzRhbN,,https://api.spotify.com/v1/tracks/6IG3sQ8s9nfk6TUlVzRhbN,https://api.spotify.com/v1/audio-analysis/6IG3sQ8s9nfk6TUlVzRhbN,229478,4,Taylor Swift,Is It Over Now? (Taylor's Version) (From The Vault),6IG3sQ8s9nfk6TUlVzRhbN,86,06HL4z0CvFAxyc27GXpf02
169,0.405,0.565,1,-9.266,0,0.0372,0.38,0.0195,0.107,0.166,159.892,audio_features,6G2xXQRSZlEzYsUEb3uvuR,,https://api.spotify.com/v1/tracks/6G2xXQRSZlEzYsUEb3uvuR,https://api.spotify.com/v1/audio-analysis/6G2xXQRSZlEzYsUEb3uvuR,214149,3,Ivan Cornejo,Estì°?Daì±°ada,6G2xXQRSZlEzYsUEb3uvuR,76,6PH3FLQAxtqYy46Zv08bpV
170,0.461,0.279,9,-11.776,0,0.0373,0.911,0,0.205,0.599,114.225,audio_features,2CSRrnOEELmhpq8iaAi9cd,,https://api.spotify.com/v1/tracks/2CSRrnOEELmhpq8iaAi9cd,https://api.spotify.com/v1/audio-analysis/2CSRrnOEELmhpq8iaAi9cd,150720,4,SZA,Blind,2CSRrnOEELmhpq8iaAi9cd,80,7tYKF4w9nC0nq9CsPZTHyP
